parameter,mean,std,median,3.0%,97.0%,n_eff,r_hat
beta_0,-9.906908988952637,1.5078392028808594,-10.639885902404785,-11.14428997039795,-7.091143608093262,6.135708997176942,1.3839209079742432
beta_depth,-0.035976432263851166,0.03907546028494835,-0.03449900820851326,-0.10261987149715424,0.04438784718513489,103.8394245278267,0.9975695610046387
beta_distance,-0.7123054265975952,0.02938440442085266,-0.7104008197784424,-0.7635349035263062,-0.6522182822227478,110.27989985058507,0.9986096620559692
beta_magnitude,0.8172685503959656,0.04535362869501114,0.8200894594192505,0.7145563364028931,0.8887001276016235,106.43835002982695,1.0084240436553955
delta_station,"[-0.43346968 -0.08119764  0.89429736 -0.70156753  0.2930109   0.4596951
  0.04239835  0.49436265 -0.37362048 -0.32166278  0.38227543 -0.22682722
 -0.6061823  -0.7819507  -0.16764823 -0.14533629 -0.45033795  0.06177604
 -0.01974444  0.11020006  0.83290094 -0.28263375 -0.5983285  -0.5595982
  0.17479767  0.39554474  0.4098125   0.21265434 -0.14326105 -0.49807045
  0.7510117   0.77276695 -0.04725293 -1.1557548   0.26617703 -0.44320202
  0.16726117  0.7332325   0.6831202   0.04590221 -0.13337971 -0.06665381]","[0.20199785 0.18322068 0.35642022 0.3100969  0.29528892 0.19555774
 0.3805941  0.2058471  0.257896   0.20245229 0.32999548 0.24410316
 0.17925656 0.3924591  0.49284217 0.18586452 0.22918062 0.20361297
 0.16803144 0.25695568 0.16284563 0.18590535 0.16232373 0.14221112
 0.2859936  0.21133235 0.17123108 0.2403755  0.205176   0.28671527
 0.20094886 0.1353414  0.17123912 0.3334812  0.17861727 0.18990582
 0.17875311 0.27305552 0.1367209  0.18364595 0.21465634 0.21833795]","[-0.41748172 -0.05626027  0.8999035  -0.68236154  0.28694123  0.46001816
  0.08978502  0.5090965  -0.40085012 -0.31837323  0.38140982 -0.22657338
 -0.6000237  -0.8680941  -0.24305452 -0.16003644 -0.4224356   0.07312572
 -0.0121457   0.11060131  0.8436786  -0.3109731  -0.5798398  -0.5578449
  0.16049641  0.41327244  0.39493036  0.21044762 -0.12487127 -0.5013473
  0.76859045  0.76575226 -0.02714812 -1.1387438   0.2763117  -0.46857533
  0.1574823   0.7651408   0.6851895   0.07138042 -0.13031825 -0.06419777]","[-0.8113393  -0.48240006  0.27009732 -1.3986579  -0.17633739  0.09298044
 -0.6761069   0.09151244 -0.80787426 -0.75463724 -0.1835775  -0.69136083
 -0.9482071  -1.4765404  -0.8923471  -0.5091185  -0.9233273  -0.25193527
 -0.3353057  -0.3757596   0.5298972  -0.6023365  -0.9299064  -0.8126248
 -0.276715   -0.00425659  0.12752168 -0.2289953  -0.52821094 -0.948171
  0.37265217  0.5580881  -0.3168924  -1.7933003   0.00222223 -0.75360584
 -0.18489727  0.27956232  0.45248383 -0.29615954 -0.49047753 -0.4656178 ]","[-8.4749706e-02  1.8317853e-01  1.5322046e+00 -1.5934171e-01
  8.4646863e-01  8.0709362e-01  7.3171157e-01  8.5459483e-01
  1.4351153e-01  7.8406249e-04  9.9230397e-01  2.1003431e-01
 -2.8801689e-01 -3.0356226e-02  7.6593769e-01  1.8150632e-01
 -5.3572357e-02  4.9090230e-01  2.6342872e-01  6.4999557e-01
  1.0825653e+00  9.0102248e-02 -3.1830266e-01 -3.0344361e-01
  8.3624405e-01  7.6406783e-01  7.7614057e-01  6.0786819e-01
  2.2521996e-01  1.3319379e-02  1.1081606e+00  1.0397261e+00
  2.5712824e-01 -7.1697998e-01  5.6019861e-01 -4.1644055e-02
  4.6148014e-01  1.2377625e+00  9.5271617e-01  3.6453342e-01
  2.2366379e-01  2.7393749e-01]","[ 45.69700951  39.6441904   88.31976883  39.69334265  31.56388534
 112.89076117  42.6501993   53.23359155  80.12473082  43.57591618
  34.60832474  92.36433378  45.8332836   47.55582782  12.41805877
  33.47294905  28.67924378  66.74423899 110.2050522   61.91994823
  50.01326613  52.26473503  30.77944155  50.43179714  45.58588885
  15.95874596 120.82303013  37.84946034  60.20428706  84.46588854
  48.21035066  33.93652131  24.48314259  26.90981261  40.3301436
  46.52021997  44.06865956  36.06444791  64.0274121   40.43007287
  33.72179651  25.61663991]","[0.9978599  1.0003321  0.99986434 1.0016481  1.0095304  1.0210775
 1.002145   1.1267327  1.0004053  1.0011724  1.0241425  1.0310826
 1.0015259  0.99772775 1.212634   1.102184   1.1296668  1.0142773
 1.0142816  1.0226204  1.0046209  1.0293573  1.048063   1.0295135
 1.1859312  1.1016674  0.99791396 1.0027822  1.0374794  1.0471213
 0.99876344 1.0065879  1.0284145  1.0081551  0.9976107  1.0154883
 1.0430944  1.0399506  1.081808   1.0017244  1.0617435  1.0221076 ]"
eta_event,"[ 4.29468036e-01 -1.11120813e-01  2.11093109e-02  5.71213244e-03
  3.80386598e-02 -1.19175389e-01  4.50042523e-02  3.87526304e-02
 -6.73465803e-02 -2.28153080e-01  1.35253370e-01  2.99322277e-01
  1.52959466e-01  1.70519024e-01 -2.26130664e-01  5.87674201e-01
 -1.56776622e-01 -1.02931045e-01  8.26546252e-02  8.21017846e-02
 -8.09490383e-02  1.00045577e-01 -1.15257308e-01  1.04687147e-01
 -2.51603276e-01 -6.22589625e-02 -9.92158800e-02  3.07221323e-01
  3.30972165e-01 -2.12953091e-01 -2.44242489e-01 -5.17789312e-02
  4.73822989e-02  2.30626715e-03 -6.73044622e-02 -8.49224105e-02
 -5.21294326e-02  3.90054286e-01 -8.07844847e-02  1.16406754e-01
  3.13000292e-01 -5.19008785e-02  1.26834559e+00  7.31301457e-02
  3.73995423e-01 -3.38812232e-01 -1.93753675e-01 -4.28749055e-01
 -3.28855067e-01 -4.49212372e-01 -2.16028303e-01 -1.43519893e-01
 -7.62319118e-02 -1.07477970e-01 -4.52588238e-02 -3.02352339e-01
 -1.49762943e-01  3.58156472e-01  9.93625000e-02 -3.75187457e-01
  3.33609611e-01  8.29218701e-02  2.24606454e-01 -1.43025160e-01
  6.14004806e-02 -1.32362530e-01 -4.43069279e-01 -1.61573604e-01
 -1.28943697e-01 -2.73859143e-01 -6.96343544e-04 -4.06752139e-01
 -1.91956595e-01 -1.31272808e-01 -1.76276207e-01  1.87618926e-01
 -7.67020881e-02 -2.63837308e-01  4.79465306e-01  3.71843755e-01
  2.10442975e-01  2.85611600e-01 -4.23326194e-01  2.74801850e-01
  1.00977212e-01  9.32343677e-03  1.89794555e-01  1.05141699e-01
 -2.68418133e-01  6.08195812e-02  2.21306384e-01  4.46438491e-02
 -1.32339243e-02  1.41596675e-01 -4.16030027e-02  1.95974290e-01
  1.38787776e-01 -1.23320065e-01  7.35522062e-02 -1.00417517e-01]","[0.25096226 0.21168053 0.22508237 0.23696262 0.2791893  0.22436671
 0.2500414  0.2615205  0.24416496 0.21683487 0.20938815 0.22862239
 0.2452156  0.21164446 0.22986443 0.17654423 0.28320804 0.18864168
 0.25716966 0.20201121 0.2274515  0.1871905  0.23649512 0.23588556
 0.18756308 0.21303998 0.17159681 0.22365195 0.1989718  0.3386795
 0.25528842 0.19017407 0.232389   0.23613642 0.28178772 0.22172475
 0.18207072 0.29355112 0.27188525 0.20430529 0.32323602 0.26553094
 0.43616512 0.20689152 0.22844861 0.21674767 0.19837971 0.17032689
 0.2119667  0.19858012 0.25870106 0.23371555 0.17643437 0.25727603
 0.21123862 0.23064391 0.21063066 0.26221055 0.1963591  0.27971265
 0.26197383 0.18860947 0.21974167 0.22516745 0.2350149  0.21863163
 0.20046377 0.17488308 0.20653145 0.20350449 0.19080293 0.24305129
 0.16717233 0.21143974 0.17798777 0.22555228 0.21543834 0.232495
 0.21465755 0.20871438 0.23256609 0.23252065 0.26415002 0.17676283
 0.19150512 0.2685034  0.28597254 0.19052115 0.18592107 0.22568366
 0.25074437 0.15799518 0.19401887 0.22167078 0.21038356 0.25145966
 0.23227707 0.16371003 0.15882026 0.1791458 ]","[ 0.43144768 -0.06616113  0.00756078  0.01823281  0.03851761 -0.11958326
  0.00998065  0.0315701  -0.01177608 -0.24365105  0.12690079  0.28345302
  0.11529259  0.14911672 -0.25969672  0.5737985  -0.10834113 -0.10383745
  0.06450971  0.06497817 -0.10196796  0.1157544  -0.13949768  0.07946873
 -0.25319076 -0.04254521 -0.09671388  0.31311724  0.34058893 -0.23029749
 -0.23363388 -0.05528387  0.02322603  0.01478069 -0.0563467  -0.09843933
 -0.04563033  0.36349112 -0.06942111  0.1064333   0.33004713 -0.05836202
  1.2111235   0.0669833   0.33256894 -0.3132734  -0.20683017 -0.4527753
 -0.30689484 -0.4312032  -0.23178081 -0.12809935 -0.05439376 -0.15569332
 -0.05672423 -0.29202574 -0.17128974  0.36255336  0.07989004 -0.35522386
  0.3323273   0.08259967  0.23556328 -0.14303854  0.02550901 -0.13727455
 -0.4680013  -0.17585945 -0.0944127  -0.2593643  -0.02384765 -0.392142
 -0.19247839 -0.13974476 -0.17652115  0.16514555 -0.05400598 -0.24265787
  0.4764909   0.37198317  0.21505335  0.2848743  -0.44157818  0.25631332
  0.08189514  0.0265676   0.14434208  0.10996236 -0.24613908  0.05114155
  0.24329284  0.04473426  0.00790631  0.10806794 -0.0392201   0.17779985
  0.14096314 -0.13652492  0.07207002 -0.11746022]","[-0.03890569 -0.51287454 -0.3649838  -0.36864117 -0.39073527 -0.56519055
 -0.36023578 -0.3941908  -0.5554673  -0.5454667  -0.2650879  -0.11764391
 -0.30921975 -0.19853991 -0.56697255  0.27464348 -0.6536796  -0.4497514
 -0.3490498  -0.2904073  -0.43845055 -0.27828515 -0.4532535  -0.3046131
 -0.5492671  -0.5279587  -0.42924967 -0.04507204 -0.01998839 -0.8513267
 -0.69486463 -0.40015283 -0.37408793 -0.436594   -0.6313577  -0.5518293
 -0.43859443 -0.15011819 -0.53502166 -0.21315709 -0.2245322  -0.46001855
  0.5021907  -0.26461068  0.02724195 -0.7258613  -0.59937555 -0.6697981
 -0.7209386  -0.8189181  -0.6374308  -0.5735902  -0.43172306 -0.54252845
 -0.40584514 -0.81335616 -0.45402655 -0.12210215 -0.2157251  -0.91236573
 -0.26816532 -0.2877294  -0.27279735 -0.6217714  -0.3477899  -0.47700915
 -0.770836   -0.44751012 -0.52520186 -0.65015686 -0.32547373 -0.84228003
 -0.4791606  -0.50188535 -0.47228608 -0.24685335 -0.50725305 -0.6270783
  0.09504951  0.00703622 -0.153511   -0.10059763 -0.9461353  -0.05530172
 -0.27289528 -0.46091643 -0.32530245 -0.2984929  -0.634105   -0.36377293
 -0.25568056 -0.20773564 -0.4116393  -0.21942243 -0.395014   -0.18628493
 -0.28862128 -0.4504623  -0.17893055 -0.43453142]","[ 8.73570263e-01  2.76686341e-01  4.34131622e-01  5.12527704e-01
  5.91292262e-01  2.77741253e-01  5.13784349e-01  4.76003796e-01
  3.82705361e-01  1.93628117e-01  5.48248529e-01  7.83569336e-01
  5.85226417e-01  6.09361768e-01  2.63922036e-01  9.46146667e-01
  2.70452976e-01  2.19843552e-01  5.29475570e-01  4.78942633e-01
  4.21743840e-01  3.98943514e-01  3.76552910e-01  5.17702103e-01
  7.77806863e-02  2.73194581e-01  1.93865448e-01  7.33811021e-01
  6.81981444e-01  4.04493660e-01  2.23168388e-01  2.99157351e-01
  4.33444947e-01  3.94789755e-01  4.41323727e-01  2.79472798e-01
  2.52737224e-01  9.03946280e-01  3.30200434e-01  4.61129665e-01
  8.90511513e-01  5.63815713e-01  2.10652113e+00  4.91602927e-01
  8.76104116e-01 -1.07770115e-02  1.41308367e-01 -7.38531202e-02
  3.44347246e-02 -9.20591429e-02  2.58419245e-01  2.14266673e-01
  2.41435617e-01  3.90308321e-01  3.63283873e-01  5.00187092e-02
  2.50787795e-01  8.20518017e-01  5.13884246e-01  1.15402043e-01
  6.89644754e-01  4.08328712e-01  5.26916802e-01  2.43769243e-01
  5.55497825e-01  3.11845124e-01 -7.71427527e-02  1.85172230e-01
  2.44674847e-01  1.77477390e-01  3.87793183e-01 -1.34147893e-04
  1.59264222e-01  2.91344374e-01  1.76458716e-01  5.84983766e-01
  2.75728345e-01  1.53511837e-01  8.43519151e-01  7.86101937e-01
  6.47395372e-01  7.62367010e-01  2.76274998e-02  6.17468953e-01
  4.57587153e-01  4.31601763e-01  7.11186707e-01  3.77027094e-01
  8.34054723e-02  4.46068704e-01  6.28229558e-01  3.73943269e-01
  2.81274170e-01  5.81357121e-01  3.67406964e-01  6.91659510e-01
  5.77669561e-01  1.56703472e-01  4.25346166e-01  2.69747555e-01]","[161.77567246  65.6729062   46.01648036  67.89490837  16.85146558
  67.24069939  87.20211978  18.96961326  68.13468059  30.0202989
  40.43293333  83.61346732  56.59069429  26.67156274 138.77661437
 121.42902469  23.67305113 110.61886986  35.98966308  62.41588376
  59.6298185   77.60182316  33.68072263  64.72195284  34.12215709
  56.91156445  50.8209918   76.37765169  80.65208973  29.44970099
  32.01403482  50.6826483   78.99379366 104.59058137  45.51561994
 109.83210069  88.15837516  45.04612181  12.81704857  41.62661597
  27.23711114  79.07844829  17.92715582  99.14274337  67.24118638
  47.20149327  86.06712     56.24794994  58.89887411  65.62727073
  99.66061397  22.2309722   65.13923739 141.10049669  67.22217656
  37.57237585  80.12247144  67.05284989 126.32512257  60.26611072
  34.27011632  29.88484632  46.70969081  54.78537895  85.46698295
  78.40753326  61.15811587  38.17384822  27.54522743 152.7339098
  53.87756942  33.72099766  71.02324844  43.82056758  55.5786666
  56.17417411  63.93363019  39.29246742  81.5577157   74.06979189
  37.63010527  61.87148677  76.62852433 117.71415213  97.4259257
  67.45472209  73.92166818 106.7227092   46.51275377  66.54236438
  41.64807208  42.83151254  54.47196715  47.98263225  71.8652812
  59.76070471  92.66595708  63.58688649  75.91055428  67.41854396]","[1.01147    1.0305657  1.0072898  1.0240536  1.0086155  1.0218924
 0.99794924 1.0667213  1.0127952  1.0447377  1.053205   1.0022821
 0.99770117 1.0956794  1.0019764  1.0072875  1.0206461  1.0366669
 1.0002887  1.012025   1.0321577  1.0675641  1.0346484  1.0275189
 1.1047709  1.021696   1.0001905  1.0048859  0.9976454  1.1448021
 1.0128653  1.027318   1.0006918  1.0225239  1.0015224  1.0614886
 1.0404929  1.0160943  1.1243155  1.0289121  1.1339462  0.9980969
 1.2682596  0.9983656  0.9999371  1.0507698  1.0063455  1.0144187
 0.9994313  1.0222085  1.0103531  1.1021695  1.0125613  0.9982183
 0.9983958  1.022516   1.0347049  0.9976425  0.99967676 1.0030017
 1.0100173  1.0328331  1.020198   1.0585015  1.0148821  1.0050598
 1.059367   1.0695374  0.9988923  1.0069716  1.0006009  1.0246923
 1.0863291  1.0495633  1.0011079  1.0269996  1.001486   1.0033077
 1.0005792  1.0078287  1.0454293  1.0313128  0.9975233  1.0210658
 1.006265   0.99751884 1.0128711  0.9988199  1.022149   1.0163757
 1.040936   0.99760896 1.0474067  1.0162746  0.9975638  1.0033029
 1.014635   0.99750984 1.0252132  0.9975047 ]"
gamma_site_class,[-0.9723198 -1.0108335 -0.6819485],[1.5770683 1.5087485 1.4758185],[-0.17265709 -0.24934736  0.0160702 ],[-3.9643936 -3.8471415 -3.5062225],[0.45300537 0.20952658 0.62619203],[6.39940962 6.2359106  6.17091731],[1.3318498 1.3406363 1.4404526]
nu_event,34.239524841308594,28.862468719482422,29.552356719970703,1.5909545421600342,87.42671203613281,12.452484544331808,1.3237826824188232
nu_interaction,15.232522010803223,18.77489471435547,8.214183807373047,1.580925703048706,61.86648178100586,12.840856368954764,1.5453805923461914
nu_obs,17.46339988708496,19.703977584838867,9.314081192016602,2.5340170860290527,60.09268569946289,6.896913456616834,1.4763597249984741
nu_site_class,27.292091369628906,30.658981323242188,18.379192352294922,0.3650088906288147,78.23875427246094,23.212311438988454,1.142164707183838
nu_station,27.449010848999023,24.682083129882812,15.801214218139648,3.7004506587982178,71.99200439453125,19.085365713054696,1.2290596961975098
sigma_event,0.309037446975708,0.05056386440992355,0.31142669916152954,0.1760181039571762,0.37823861837387085,34.20556520561407,1.116966724395752
sigma_interaction,0.30075526237487793,0.07881683111190796,0.29728204011917114,0.17852157354354858,0.493625283241272,20.958855700477187,1.1954420804977417
sigma_obs,0.4183666706085205,0.042998362332582474,0.41490960121154785,0.3444101810455322,0.4816529154777527,28.692276270719127,1.0289109945297241
sigma_site_class,0.5849555134773254,0.44427424669265747,0.44660231471061707,0.059684474021196365,1.30934739112854,10.90207757071661,0.9979884624481201
sigma_station,0.5245862603187561,0.0787397027015686,0.5167652368545532,0.38015133142471313,0.6790571212768555,80.79121496778963,1.0846610069274902
xi_event_station,"[ 3.24662030e-01  5.55550277e-01 -3.43569636e-01 -2.50082940e-01
  6.19650111e-02 -3.38278383e-01  4.13881570e-01 -2.13680655e-01
 -3.44430685e-01  2.81369179e-01  1.91721082e-01 -2.83811856e-02
  2.27917179e-01 -6.56831712e-02  6.43767565e-02 -5.89297675e-02
 -1.38589954e-02  1.52608961e-01 -7.43252574e-04 -1.30449712e-01
 -4.12523635e-02 -7.57788345e-02  2.64523953e-01 -4.08007652e-02
 -6.65592849e-02 -4.19615954e-02  3.93057568e-03  4.54175413e-01
 -2.36489505e-01 -1.60763875e-01  8.50220695e-02 -1.24487899e-01
 -1.46435991e-01  8.18066858e-03  2.18825340e-01 -2.27206573e-01
  1.60418078e-02  5.15856981e-01 -2.25246996e-01 -1.98196635e-01
 -1.23982672e-02 -1.92264751e-01  5.10872066e-01  3.58255923e-01
  6.36607583e-04 -2.93738395e-01  1.50101051e-01  3.82006556e-01
 -1.06926344e-01  3.03198308e-01 -7.42972642e-02 -1.64500996e-01
 -6.37555271e-02  5.31096756e-01  1.35031879e-01 -4.17253226e-01
  4.57175821e-02 -8.66922885e-02  2.38796413e-01 -6.53587431e-02
 -9.02134110e-04 -6.73504919e-02  5.91072924e-02  1.28069997e-01
 -1.67315791e-03  4.14643064e-02  1.18534952e-01 -2.81669319e-01
  1.39320895e-01 -9.27732736e-02 -3.07885725e-02  1.77489687e-02
 -2.25090489e-01 -2.70581275e-01  2.61050242e-04  2.41860062e-01
  1.46241277e-01 -1.24765206e-02  7.84363523e-02 -5.06392494e-02
 -1.34575412e-01 -1.94679528e-01 -1.33206367e-01  2.88952798e-01
  1.48608303e+00  3.18115316e-02  1.45982698e-01  1.27239540e-01
  5.74234538e-02  9.86166000e-02 -3.03290486e-01 -1.24050759e-01
  2.49414250e-01 -5.52055798e-02 -2.08309535e-02 -1.08426228e-01
 -2.59187132e-01  2.46578977e-01 -7.97988251e-02  1.30762622e-01
  1.40738371e-03  8.99531171e-02  1.12542331e-01 -8.95415470e-02
 -3.14551950e-01  7.37397000e-02  2.95337856e-01 -4.06621583e-02
 -8.48999098e-02  6.46870807e-02 -1.79903209e-01 -1.92426935e-01
  2.76344921e-02 -1.83932766e-01  8.37440938e-02 -1.91481605e-01
  3.29497784e-01 -2.32789032e-02  1.80112682e-02  6.89103305e-02
  5.64137660e-02 -1.98696434e-01 -2.22335309e-02 -1.57386642e-02
 -1.47624597e-01 -8.52565542e-02 -8.71979296e-02 -1.43839240e-01
  4.01847422e-01  1.70135513e-01 -1.96885332e-01  2.56300956e-01
  2.65802681e-01  3.59392762e-01 -1.36641860e-01 -2.58402675e-01
 -2.53568500e-01  8.24193358e-02  1.64456025e-01  1.93322524e-01
  1.86070174e-01  7.84312710e-02 -1.66686609e-01 -3.74709517e-01
 -1.32263705e-01 -1.74268782e-01  8.04605111e-02  4.05061282e-02
 -3.29493403e-01  1.30213171e-01 -4.26780701e-01  1.41472936e-01
 -1.72492713e-01 -7.14091510e-02  2.58400381e-01  5.37430346e-02
  4.35494840e-01 -2.02134117e-01 -1.34315118e-01  2.25249939e-02
  2.58751530e-02  7.35384300e-02  2.03728938e+00  2.76433807e-02
  2.50300229e-01  1.80615559e-01 -2.06500441e-01 -2.06214860e-02
  1.24763936e-01 -6.18564636e-02 -6.31935149e-02  5.26027866e-02
  1.84909075e-01  1.30327314e-01 -2.44038835e-01 -9.48486030e-02
  3.76689315e-01 -2.79664490e-02  3.41717482e-01 -9.48700234e-02
 -4.36136052e-02 -1.29542444e-02  1.86506361e-01  5.00138337e-03
  6.17573373e-02 -1.26475185e-01  1.13823757e-01  5.14440358e-01
  3.10508348e-02 -1.48971584e-02 -4.71866428e-04  3.03442255e-02
  1.28145719e+00  1.79996207e-01 -1.98115349e-01 -2.83665031e-01
  1.57945335e-01  4.11923051e-01  1.53917402e-01  3.63727152e-01
  1.47990718e-01  1.56848151e-02 -7.25020654e-03 -1.91409260e-01
  1.67606220e-01 -1.00603752e-01  2.59539727e-02  9.06193376e-01
  1.57289788e-01 -4.30295691e-02  3.86114344e-02 -9.43592936e-02
 -7.60467499e-02 -2.63213933e-01 -1.08581886e-01 -6.45503253e-02
 -1.17616318e-01  1.67254865e-01 -6.90972209e-02 -6.79176450e-02
 -4.06479985e-01 -1.61995053e-01  1.96566775e-01  4.71409447e-02
  1.77985821e-02 -7.04752952e-02 -3.70782502e-02 -2.12228045e-01
 -4.20763642e-02  1.25591055e-01 -1.08852938e-01 -2.87814289e-01
 -2.70374417e-01  8.78403336e-03 -2.96132378e-02  2.60790400e-02
 -8.77124816e-02 -2.85100967e-01  2.10336391e-02 -1.95820525e-01
 -4.68897820e-02 -2.81926757e-03  3.03048808e-02  5.17798483e-01
 -1.11649074e-01 -5.42063475e-01  2.41649915e-02 -1.22746512e-01
  1.84127599e-01  7.60889985e-03  6.75543845e-01 -2.38174513e-01
  1.81448266e-01 -3.63957547e-02 -6.51761889e-02  2.59908110e-01
 -9.27954018e-02 -4.37421501e-02 -3.10831547e-01 -2.15529650e-01
  1.76566556e-01 -4.93344337e-01  2.39442483e-01  3.39686155e-01
  2.94083543e-03 -7.15861261e-01 -2.58109182e-01  6.69654459e-02
 -8.08114633e-02 -9.17793438e-02 -3.48614785e-03 -1.91855654e-01
  3.12254578e-02  1.95153803e-02 -1.86891213e-01  1.10902578e-01
  3.74057628e-02  6.85434963e-04  1.61770418e-01 -6.69310149e-03
  1.78893521e-01  1.33724567e-02 -1.10795870e-01  7.57058486e-02
  1.25550568e-01 -5.60387149e-02 -1.31767333e-01 -3.52258325e-01
  3.09679240e-01  4.45160002e-01  4.49904323e-01 -4.31490630e-01
  1.38824824e-02 -4.13354844e-01 -3.26134413e-01  1.47110820e-01
  2.70866044e-02 -1.08864615e-02 -2.08226144e-01 -9.85214952e-04
  1.44824475e-01  1.16440736e-01 -5.97102158e-02  4.03624400e-02
  2.41756290e-02 -7.21632540e-02  2.11757749e-01 -6.46568313e-02
 -3.57531577e-01 -1.27624169e-01  2.91434646e-01  1.16127469e-01
 -3.47616792e-01 -1.57818422e-01  2.62855053e-01  2.92595804e-01
  6.11525737e-02  1.06412716e-01 -3.90684567e-02  1.54874966e-01
 -9.44825485e-02  2.94692535e-02 -2.07598254e-01 -2.25036636e-01
  2.30520368e-01  5.36375381e-02 -9.98970494e-02 -1.69713289e-01
  1.11850165e-01 -1.61593914e-01 -2.87037138e-02 -3.14987719e-01
 -1.47184163e-01 -6.76691085e-02 -1.55075252e-01  1.08429395e-01
  1.94691390e-01  1.35236382e-01 -4.30097356e-02 -1.80714522e-02
 -1.04381695e-01  1.62276655e-01  6.30823299e-02 -5.48673756e-02
 -1.65868208e-01  4.77445610e-02 -1.88480571e-01 -8.83367434e-02
 -1.36793315e-01 -2.01444030e-01  2.47013886e-02 -6.91626519e-02
 -1.53064206e-01  2.95265973e-01  1.40505871e-02 -1.93984836e-01
 -4.44308966e-01 -2.46534925e-02 -1.14642233e-01 -3.52983810e-02
 -4.00171518e-01  5.00019670e-01 -4.00595427e-01  3.23557824e-01
  3.40912007e-02 -2.75188088e-01  1.15272664e-01  1.08481921e-01
 -1.01534277e-01  1.22538760e-01 -2.28650317e-01 -5.19941300e-02
  1.23494603e-01  6.59724046e-03  1.53829619e-01  5.01071177e-02
 -1.15498610e-01 -3.12077075e-01 -1.18176907e-01  1.42511547e-01
  1.13099888e-01  2.61748619e-02 -3.47419381e-01 -1.30035328e-02
  1.01363905e-01  1.00179702e-01  1.12361193e-01 -1.57837257e-01
 -9.51463729e-02  2.73248523e-01 -2.14155674e-01 -1.30402103e-01
  2.03323886e-01 -9.41818021e-03  2.70415563e-02 -1.22679599e-01
  2.13885263e-01 -1.02722138e-01 -8.89106095e-03 -1.67771339e-01
  3.41868818e-01 -1.46326348e-01  8.61030519e-02  1.31507710e-01
 -3.44978422e-01 -1.77042276e-01  1.30812630e-01  3.05820704e-01
  1.78896025e-01 -1.45486608e-01  1.37515426e-01 -1.87436536e-01
 -1.15878180e-01 -1.59171864e-01  2.24752277e-01 -5.67084067e-02
  8.30338374e-02  1.13097298e+00  2.02783803e-03  2.51569062e-01
  9.08030346e-02  4.29771580e-02 -2.35316753e-01 -1.23562820e-01
 -2.92420357e-01  6.62509382e-01 -2.62263627e-03 -4.63731080e-01
  3.62069249e-01  2.84332275e-01  2.39887699e-01 -4.03641351e-02
 -9.63717178e-02 -1.92030892e-01 -1.82052389e-01  4.45106905e-03
 -1.27435168e-02  2.93749687e-03 -1.01558179e-01  5.26113331e-01
  3.06371730e-02  2.05304027e-01  2.30287556e-02  5.90193830e-02
  1.19474791e-01 -6.35488853e-02 -2.28126004e-01  6.31139651e-02
  7.28062913e-02  2.32605800e-01  7.40961581e-02  2.00483814e-01
 -1.20708361e-01 -1.00723639e-01  1.11824244e-01  1.86268076e-01
 -1.77662730e-01  1.29769146e-02 -1.73989221e-01 -7.61744305e-02
 -1.79969728e-01  6.83606565e-02 -6.95396066e-02  1.57904431e-01
 -9.75436196e-02 -5.30580841e-02  1.23083383e-01 -3.23073387e-01
  3.22252393e-01  1.64203572e+00 -1.13082610e-01  1.41488597e-01
 -1.91001415e-01  2.28435639e-02 -1.79167315e-01 -1.22890294e-01
  1.27194032e-01  1.06334344e-01  3.23716477e-02 -3.31349194e-01
 -4.60325181e-02  1.49493232e-01  2.49099433e-01 -1.13564998e-01
 -2.01217994e-01  8.30394179e-02 -4.47922736e-01  1.33276418e-01
 -1.14985876e-01  5.37886143e-01 -8.51132199e-02  4.19270664e-01
  2.04071309e-02  8.84187460e-01 -4.76075411e-02 -3.39522243e-01
 -1.63265005e-01 -1.55000389e-01 -2.09094472e-02  1.97732180e-01
  1.05149537e-01 -1.49387509e-01  1.78189799e-01  2.38718778e-01
 -2.48058587e-01 -1.20852746e-01 -4.69546877e-02 -3.49817052e-02
  1.76911131e-01  2.18603443e-02  1.23594657e-01 -4.82397825e-02
 -9.91472602e-02  2.71736700e-02 -1.62148550e-02  3.58017907e-02
  2.29732081e-01 -3.64133231e-02 -1.37912080e-01  1.06064126e-01
 -1.01359606e-01  6.20126240e-02  1.31519303e-01 -6.70552328e-02
 -1.40725732e-01  1.17320772e-02 -1.03052013e-01]","[0.43411943 0.5248098  0.35282633 0.3050572  0.26918998 0.3596047
 0.39762816 0.29279    0.39315414 0.43855277 0.2790022  0.27567628
 0.29873186 0.31185874 0.2770416  0.28674763 0.25876722 0.30793825
 0.3212045  0.29340437 0.28987917 0.2371055  0.35652825 0.26816455
 0.26674706 0.2880961  0.2985978  0.48553565 0.33641228 0.36707392
 0.29409444 0.30710804 0.2749231  0.3430334  0.28520313 0.2959056
 0.27506986 0.38764033 0.32008082 0.3019144  0.26914734 0.2634998
 0.49377915 0.41189003 0.2571945  0.348501   0.3015784  0.31019846
 0.31559858 0.2840495  0.23445952 0.23939346 0.22087017 0.38845548
 0.3019438  0.3939586  0.30878824 0.3736507  0.34381768 0.29880217
 0.28163207 0.2711456  0.2530783  0.2916282  0.3572508  0.24710271
 0.3090349  0.35130548 0.30816653 0.32331812 0.24479488 0.284956
 0.287896   0.31935593 0.2298045  0.39248636 0.25836867 0.24554501
 0.27888253 0.28616288 0.2242941  0.47920078 0.3290107  0.3424347
 1.2385939  0.28141525 0.28502557 0.28711972 0.29026353 0.2790268
 0.38663405 0.30566382 0.3454597  0.25605977 0.3651724  0.30314294
 0.37047178 0.3029364  0.25560755 0.29727158 0.3194436  0.4085561
 0.26043698 0.2728195  0.42257574 0.25303406 0.3064365  0.27058142
 0.3527385  0.2754278  0.30725268 0.34555203 0.26191747 0.3264964
 0.25778553 0.29960856 0.41439894 0.2501933  0.27797475 0.24621634
 0.26492518 0.30621585 0.26781517 0.3635373  0.2821338  0.2743942
 0.25314972 0.2968686  0.5045826  0.2722478  0.30138528 0.41927212
 0.36080718 0.3143567  0.27479428 0.3733822  0.36492586 0.27934095
 0.3170407  0.25268766 0.28589082 0.3181119  0.31693828 0.39337528
 0.33010703 0.37341997 0.30799976 0.26030082 0.41008922 0.2658036
 0.424944   0.32209468 0.2853487  0.3614302  0.34414327 0.23896685
 0.45673501 0.3222709  0.25996876 0.34173927 0.24503677 0.34233573
 1.8415186  0.23662087 0.37335646 0.3942759  0.39617014 0.2780978
 0.30385965 0.2713109  0.2621649  0.23108225 0.26143572 0.26770005
 0.28840768 0.24399967 0.39985177 0.27872276 0.32254875 0.32417658
 0.30374458 0.23751862 0.26742133 0.28345314 0.29085582 0.31485116
 0.25375065 0.46270743 0.3554025  0.27360925 0.30396542 0.27257648
 1.0640049  0.29919392 0.28030798 0.38226262 0.31322244 0.5263048
 0.3205359  0.45409822 0.29042694 0.30132225 0.2862747  0.31102538
 0.30016837 0.2531177  0.27588293 0.77674454 0.2615635  0.27544633
 0.2654761  0.2892247  0.2707239  0.43273392 0.28565565 0.3517371
 0.2744276  0.28223696 0.30260587 0.29835793 0.33121315 0.30453563
 0.2950813  0.32724383 0.312382   0.3103876  0.29545066 0.26759866
 0.24843875 0.25397968 0.25823012 0.33015946 0.3810363  0.31854948
 0.24971022 0.285692   0.27081117 0.2844196  0.25895664 0.31777596
 0.2528168  0.2358569  0.2643082  0.5857049  0.27874592 0.43446308
 0.27664924 0.31226006 0.36694464 0.2810836  0.52991235 0.3372143
 0.28934476 0.28134984 0.3019552  0.28387937 0.2684385  0.33998573
 0.38619033 0.3418481  0.32053918 0.4852651  0.3496725  0.30934078
 0.28708363 0.628016   0.37131783 0.27116948 0.23122856 0.2609369
 0.27323738 0.24970642 0.26446775 0.2822048  0.30643067 0.2728981
 0.2871806  0.3741849  0.37717018 0.2471751  0.2561404  0.27507782
 0.35579562 0.26900014 0.29408303 0.28127253 0.28832397 0.32825288
 0.28780574 0.41736898 0.40477264 0.4847271  0.27745286 0.36179125
 0.34050512 0.34211823 0.2874479  0.40914342 0.36326495 0.28170645
 0.2816077  0.27991578 0.2627723  0.25926223 0.29648495 0.2869402
 0.29871464 0.2839415  0.3202139  0.29995048 0.33792654 0.33185416
 0.43143085 0.29144382 0.3090497  0.41359985 0.23206371 0.2868656
 0.26635286 0.32965934 0.29298443 0.2629399  0.3108575  0.33142745
 0.32598042 0.2754822  0.3117563  0.2935138  0.26558313 0.29513747
 0.31383914 0.38717112 0.2915584  0.24785775 0.24978083 0.2815098
 0.2347573  0.3337021  0.26312926 0.29431117 0.32293943 0.40457436
 0.29268265 0.26223227 0.26234847 0.28426856 0.29663593 0.24276496
 0.27987003 0.36603087 0.24766445 0.2750813  0.27513063 0.39546463
 0.26957968 0.3281586  0.42260647 0.29654163 0.29187348 0.2666426
 0.39347488 0.425447   0.3850148  0.36258465 0.28337994 0.26999116
 0.2682078  0.29981723 0.30292067 0.2607751  0.31872466 0.33884194
 0.26517615 0.26882473 0.26584724 0.28314775 0.2616722  0.31352416
 0.32044542 0.28102273 0.2750146  0.28926593 0.37846917 0.26831514
 0.27972907 0.28167474 0.30489615 0.30790287 0.23972638 0.32358292
 0.43638235 0.2628276  0.2527808  0.2550142  0.25903934 0.3395118
 0.47326553 0.22529104 0.28312084 0.23302042 0.33530423 0.31602284
 0.29101586 0.29586792 0.37172243 0.2789914  0.2379165  0.32297024
 0.26897553 0.2958587  0.3183812  0.3313059  0.29233184 0.26940164
 0.299868   0.2506758  0.27648583 0.92590857 0.30165678 0.34849104
 0.29834682 0.3217672  0.33732468 0.26405352 0.3891772  0.5983554
 0.24080421 0.37472776 0.5307746  0.319665   0.2796342  0.27228895
 0.27428916 0.27796537 0.28130093 0.27336192 0.31329137 0.27354643
 0.30877322 0.43532574 0.28054652 0.28879523 0.28773227 0.33005193
 0.29001287 0.2582094  0.35902113 0.25465608 0.3412604  0.31651777
 0.22940189 0.2811717  0.26012677 0.2961021  0.27675882 0.3203966
 0.33997855 0.26886746 0.30365953 0.2570342  0.3733528  0.28369555
 0.2622992  0.25540185 0.28115505 0.20816162 0.27074698 0.44454733
 0.3623466  1.2279847  0.24617721 0.2565937  0.31094494 0.33045846
 0.3710537  0.2605585  0.27212492 0.26757008 0.2644988  0.31797892
 0.27109042 0.28188795 0.29954496 0.28631207 0.29598796 0.40919596
 0.3975474  0.27271703 0.31198418 0.4398007  0.37598717 0.47934696
 0.27204847 0.7623544  0.35559037 0.34732166 0.3662147  0.2798702
 0.27247155 0.33263826 0.2258947  0.40183985 0.25388142 0.36684275
 0.31853145 0.28963873 0.3030974  0.27140433 0.3215461  0.23308638
 0.24972053 0.25871873 0.2588315  0.364832   0.30092928 0.25411987
 0.30929375 0.3324032  0.2698877  0.21631928 0.22651313 0.35051724
 0.26738513 0.26253882 0.3289469  0.27340636 0.29586974]","[ 3.20463449e-01  3.98459226e-01 -3.32729816e-01 -2.84250945e-01
  3.59675661e-02 -2.72682935e-01  3.32387030e-01 -1.85192525e-01
 -2.48027474e-01  1.79754138e-01  1.95612699e-01 -3.23720723e-02
  1.98561952e-01 -8.28210860e-02  6.41619340e-02 -6.38162345e-02
 -4.85427827e-02  1.30511284e-01 -1.16393063e-02 -9.64695662e-02
 -1.70109272e-02 -9.19289812e-02  2.08792239e-01 -2.88853217e-02
 -5.09217754e-02 -2.75673904e-02 -2.54113190e-02  3.41499805e-01
 -1.76945642e-01 -9.51323286e-02  5.96281067e-02 -8.43037367e-02
 -1.26250356e-01  3.52895632e-02  1.78030849e-01 -2.52755582e-01
 -2.07752734e-02  5.29506922e-01 -1.67543918e-01 -1.75007463e-01
  2.10568532e-02 -1.88602880e-01  5.19135535e-01  3.26707810e-01
 -1.15496118e-03 -2.37571359e-01  1.56054839e-01  3.33323270e-01
 -6.22482561e-02  3.06952804e-01 -8.03788826e-02 -1.62457287e-01
 -2.67563462e-02  4.84259933e-01  9.84194949e-02 -4.13147986e-01
 -2.45187990e-02 -1.03763282e-01  2.21397936e-01 -7.41481110e-02
  5.35844080e-03 -8.37665498e-02  7.33380243e-02  1.05199397e-01
  3.53161222e-03  1.99712943e-02  7.09597170e-02 -3.21653545e-01
  1.58875823e-01 -5.45256659e-02 -1.21006221e-02 -1.67204218e-03
 -2.09694147e-01 -2.17261061e-01 -2.53777043e-03  1.77131563e-01
  1.19451530e-01 -1.30221816e-02  5.22724949e-02 -2.14820765e-02
 -1.21286049e-01 -1.50943711e-01 -1.45618588e-01  2.57379562e-01
  1.36364508e+00  5.62195554e-02  1.10188894e-01  6.56320751e-02
  1.58491340e-02  9.61709917e-02 -3.42174470e-01 -1.15871042e-01
  2.14203402e-01 -6.85838163e-02 -4.30935025e-02 -1.04012258e-01
 -1.96084067e-01  2.26597726e-01 -6.90358654e-02  1.22011527e-01
  3.51561569e-02  5.03441133e-02  1.23449951e-01 -6.83874190e-02
 -2.39172339e-01  8.08511227e-02  2.95996994e-01 -3.28131812e-03
 -6.01973347e-02  9.47347581e-02 -1.59418508e-01 -1.81983501e-01
  7.34780869e-03 -2.18073115e-01  3.66132222e-02 -2.22023562e-01
  3.10040116e-01 -3.93626280e-03  2.49254256e-02  6.77931011e-02
  4.52199504e-02 -1.97471261e-01 -5.51156001e-03 -5.11058941e-02
 -1.20945126e-01 -9.12151486e-02 -7.41015673e-02 -1.31590828e-01
  3.60354304e-01  2.02830300e-01 -1.97107434e-01  1.48089558e-01
  2.33158857e-01  3.80745500e-01 -1.62673056e-01 -2.48530656e-01
 -2.27819994e-01  5.35933673e-02  1.21439502e-01  2.02063560e-01
  1.97783098e-01  1.14678890e-01 -1.66353121e-01 -3.38652134e-01
 -9.96211022e-02 -9.03121457e-02  5.31244129e-02  4.65751477e-02
 -2.81543076e-01  1.59436107e-01 -3.24790567e-01  9.31094289e-02
 -1.23940922e-01 -2.50999294e-02  2.30821729e-01  2.55063660e-02
  3.96836936e-01 -1.22320503e-01 -1.20366871e-01  3.57279927e-02
  4.86669391e-02  1.01472378e-01  1.95704353e+00  4.43690382e-02
  2.55883038e-01  1.48706198e-01 -1.11187413e-01 -1.31429499e-02
  1.21096559e-01 -3.84350419e-02 -8.19898620e-02  5.95002696e-02
  1.79337978e-01  1.19461745e-01 -2.75096595e-01 -9.26700681e-02
  2.75454760e-01 -3.87258232e-02  3.37664634e-01 -1.16323911e-01
  5.23779728e-03 -7.29669817e-03  1.52703941e-01  1.71520002e-02
  2.97459904e-02 -1.23974018e-01  7.37161711e-02  3.60912055e-01
  5.91744706e-02 -2.69682631e-02 -5.01513947e-03  1.75419990e-02
  9.84678745e-01  1.64069712e-01 -1.90242052e-01 -2.47820929e-01
  1.67683303e-01  2.96236396e-01  1.45250559e-01  2.40051374e-01
  1.10536650e-01  2.11540535e-02 -5.23513854e-02 -2.33621985e-01
  1.88269794e-01 -9.10250396e-02  7.23820738e-03  6.86520994e-01
  1.07102223e-01 -6.30443469e-02  4.16861251e-02 -1.43735647e-01
 -4.04753610e-02 -1.43572137e-01 -7.27335364e-02 -1.83920842e-02
 -1.08971164e-01  1.68324217e-01 -5.46138659e-02 -6.90599978e-02
 -3.95933211e-01 -7.34873712e-02  1.38234273e-01  7.79497484e-03
 -7.34896027e-03 -7.85496533e-02 -3.07680015e-03 -2.07206085e-01
 -6.24479502e-02  1.51951790e-01 -3.92434597e-02 -2.30876416e-01
 -2.83945918e-01  5.12754545e-02 -6.39571324e-02 -3.68003026e-02
 -9.48587060e-02 -2.81483352e-01  2.82812510e-02 -1.54857948e-01
 -4.54462096e-02 -9.10415780e-03  2.54560038e-02  4.01173204e-01
 -1.26450986e-01 -5.10048509e-01  7.90181011e-03 -7.77370632e-02
  1.12146907e-01 -1.96146350e-02  5.34814954e-01 -1.74231231e-01
  1.26916558e-01  1.64455455e-02 -4.00798246e-02  2.32106745e-01
 -6.03591315e-02 -1.49536841e-02 -2.69758403e-01 -1.78023487e-01
  1.25289664e-01 -3.80598009e-01  1.91823617e-01  3.16945016e-01
 -3.06247473e-02 -5.92336237e-01 -1.74710765e-01  5.69255427e-02
 -6.09215572e-02 -4.92873043e-02  1.69512276e-02 -2.31457829e-01
  3.51020917e-02  2.50713602e-02 -1.87060535e-01  8.56086686e-02
  4.25222926e-02 -6.92936629e-02  1.43518612e-01 -2.96024680e-02
  2.02983081e-01 -4.94776815e-02 -6.98626339e-02  5.24209514e-02
  1.13240086e-01 -9.16453376e-02 -1.11565575e-01 -3.49478781e-01
  3.17517042e-01  4.38242167e-01  4.31748986e-01 -3.51021111e-01
  3.87926474e-02 -3.72691512e-01 -3.16698134e-01  1.33105367e-01
  1.63926221e-02  6.11271150e-02 -1.84266940e-01  9.49219801e-04
  1.15877226e-01  1.01622015e-01 -7.41560608e-02  4.29822318e-02
  2.72739455e-02 -8.19100887e-02  2.37468600e-01 -7.25678429e-02
 -3.63484502e-01 -1.48121923e-01  2.70909965e-01  1.36411399e-01
 -2.92395890e-01 -1.62167579e-01  2.57970631e-01  1.91657320e-01
  5.74992225e-02  1.14714772e-01 -4.20824215e-02  2.00014934e-01
 -9.77938920e-02  3.19593772e-03 -1.66609511e-01 -1.71233296e-01
  1.88488990e-01  1.80885382e-02 -1.26483440e-01 -1.26014590e-01
  1.26041353e-01 -1.24848023e-01  1.79687962e-02 -2.30453849e-01
 -1.30840302e-01 -3.16323601e-02 -1.55680805e-01  1.00861721e-01
  1.95078686e-01  1.08727098e-01 -4.94630784e-02 -5.15395589e-02
 -2.99734473e-02  1.72423571e-01  1.52538512e-02 -2.84945127e-02
 -1.52842656e-01  3.02168764e-02 -1.98267624e-01 -9.39616114e-02
 -1.09219722e-01 -1.15274325e-01  2.97519453e-02 -1.17651395e-01
 -9.76844653e-02  1.68609679e-01  2.33984552e-04 -1.70003772e-01
 -3.95940602e-01 -9.85765713e-04 -7.82217234e-02 -2.95227170e-02
 -3.75227153e-01  4.48355675e-01 -3.49875003e-01  2.71295786e-01
  6.78859130e-02 -2.71272779e-01  1.35137439e-01  7.28908405e-02
 -1.05149798e-01  1.40093133e-01 -1.86671555e-01 -1.77883897e-02
  1.20258838e-01  1.38288904e-02  1.41602755e-01  6.57712966e-02
 -1.64292261e-01 -3.33105415e-01 -6.87904432e-02  1.03626966e-01
  9.09327716e-02 -1.07966606e-02 -3.18124235e-01  1.19530130e-03
  6.24747835e-02  1.06417269e-01  9.62773040e-02 -1.82965517e-01
 -1.06859453e-01  2.68953115e-01 -1.47269279e-01 -1.04196504e-01
  1.69138461e-01  2.62304917e-02  4.10435274e-02 -1.03045978e-01
  1.30211204e-01 -1.08491927e-01 -2.71009393e-02 -1.39622718e-01
  3.34613562e-01 -1.62232667e-01  1.08651146e-01  6.16922118e-02
 -3.12488496e-01 -1.11642405e-01  1.18320815e-01  2.79971689e-01
  1.84875175e-01 -1.89077437e-01  7.70053566e-02 -1.50425106e-01
 -4.10588235e-02 -1.24994770e-01  1.98352635e-01 -3.25302295e-02
  6.91293180e-02  1.14493823e+00 -4.63527665e-02  1.76489234e-01
  7.74066150e-02  3.69126201e-02 -1.63288087e-01 -6.37491643e-02
 -2.31844619e-01  4.42876220e-01 -2.63234228e-02 -3.67004812e-01
  3.41521621e-01  2.70282567e-01  2.18551278e-01 -3.44696343e-02
 -1.20333061e-01 -1.42450914e-01 -1.87724680e-01  2.10691616e-02
 -2.99020782e-02 -2.49662809e-02 -7.45924711e-02  4.63484943e-01
  1.67216640e-02  1.79128170e-01  2.92709935e-02  5.20487353e-02
  1.41675279e-01 -3.52584571e-02 -1.53597832e-01  2.78719999e-02
  6.57626688e-02  2.37358451e-01  4.17023525e-02  1.78034872e-01
 -1.06479079e-01 -1.00887746e-01  9.76792425e-02  1.78048372e-01
 -1.98178887e-01  3.15872729e-02 -1.83246374e-01 -9.17271972e-02
 -1.67721361e-01  1.20900869e-01 -6.49586022e-02  1.34145200e-01
 -1.15214862e-01 -5.52165210e-02  9.92834643e-02 -2.07524344e-01
  2.70070374e-01  1.68142009e+00 -8.66046846e-02  1.26292795e-01
 -1.73011899e-01  2.31951941e-03 -1.11355878e-01 -6.48920089e-02
  1.07600078e-01  9.49018598e-02 -3.20156105e-03 -2.75420994e-01
 -2.89389975e-02  1.05755143e-01  2.75227696e-01 -1.14370190e-01
 -1.63476750e-01  1.10813200e-01 -4.50484693e-01  1.09332800e-01
 -1.17826685e-01  4.50336426e-01 -1.40600324e-01  2.88344741e-01
 -1.23710558e-02  7.15410411e-01  9.64719523e-03 -2.90384978e-01
 -1.40295520e-01 -1.75133660e-01 -5.80258071e-02  2.10441470e-01
  1.05957955e-01 -1.09084085e-01  1.79307178e-01  1.94355071e-01
 -2.67098725e-01 -1.37833178e-01 -5.75223640e-02  9.21667553e-03
  1.47755980e-01  1.49029810e-02  1.32027984e-01 -3.53741497e-02
 -8.97660777e-02  5.73325716e-02 -2.67264284e-02  7.19514191e-02
  1.80105656e-01  2.35716142e-02 -1.23629078e-01  1.07965961e-01
 -9.11071897e-02  7.18363523e-02  1.17825188e-01 -3.31909209e-02
 -1.24191217e-01 -6.94155693e-03 -1.28027588e-01]","[-0.35107917 -0.21361962 -0.95825607 -0.81640923 -0.4446567  -1.083832
 -0.17519262 -0.7982662  -1.019443   -0.36403126 -0.2865395  -0.47302613
 -0.26878852 -0.5214811  -0.45470095 -0.4769383  -0.49743173 -0.360327
 -0.48393947 -0.5832703  -0.49856356 -0.50907063 -0.25998408 -0.49726224
 -0.5079447  -0.68340945 -0.61428034 -0.3230722  -0.98368245 -0.95378536
 -0.3970625  -0.7127195  -0.6028576  -0.6382448  -0.24265334 -0.69399124
 -0.3866946  -0.21061136 -0.89560926 -0.8244897  -0.5743265  -0.66420615
 -0.2696955  -0.22089538 -0.53981286 -1.0200418  -0.50772214 -0.181158
 -0.70599526 -0.18381855 -0.40252668 -0.6437825  -0.5063956  -0.09781369
 -0.25291392 -1.2073555  -0.43180153 -0.57149386 -0.3061423  -0.6303217
 -0.38978952 -0.60073465 -0.3794992  -0.46543953 -0.56623197 -0.43329772
 -0.43356428 -0.7773921  -0.49242216 -0.6574838  -0.45319542 -0.50563496
 -0.7486338  -0.9231101  -0.46923178 -0.29696858 -0.2806384  -0.52716607
 -0.39502317 -0.6058244  -0.51182234 -1.3641573  -0.7684593  -0.38160974
 -0.12526454 -0.60812014 -0.27607393 -0.35834816 -0.50230676 -0.33827808
 -1.0518807  -0.63793737 -0.4273134  -0.4554959  -0.54915816 -0.67929226
 -0.9594374  -0.2508596  -0.5132748  -0.40143347 -0.6831655  -0.5109102
 -0.26260638 -0.63716817 -1.0590496  -0.3599918  -0.21839729 -0.5346257
 -0.7135933  -0.44155025 -0.7360265  -1.0050194  -0.5509048  -0.7005948
 -0.39406687 -0.77759147 -0.3897331  -0.51110375 -0.56577426 -0.30808815
 -0.40699306 -0.8155897  -0.57659125 -0.5978574  -0.7160623  -0.6366259
 -0.6489325  -0.66985416 -0.51426643 -0.30436364 -0.8190018  -0.59083986
 -0.47974667 -0.22222275 -0.64977944 -0.8363247  -0.78884065 -0.3587275
 -0.37301087 -0.28297666 -0.30107924 -0.7423561  -0.8737409  -1.2634662
 -0.7677419  -1.134806   -0.5071475  -0.3913362  -1.275698   -0.37847623
 -1.4277377  -0.3222369  -0.8591332  -0.7162067  -0.40112793 -0.35181096
 -0.2558664  -0.93887055 -0.5980994  -0.6413968  -0.46009415 -0.54073447
 -0.33013198 -0.43429452 -0.3090755  -0.51128715 -0.9904231  -0.61958075
 -0.38611916 -0.5983732  -0.50236213 -0.37258264 -0.31306332 -0.31494164
 -0.7665204  -0.5409723  -0.28269845 -0.49197295 -0.24844378 -0.80994797
 -0.713762   -0.46432692 -0.26997486 -0.52724874 -0.3806961  -0.7819682
 -0.28117922 -0.18732142 -0.76768214 -0.4089967  -0.51519877 -0.3937961
 -0.41839543 -0.44218186 -0.7234209  -1.0031766  -0.4501889  -0.45892796
 -0.505278   -0.28394943 -0.3779961  -0.45545375 -0.4344622  -0.6907399
 -0.33852425 -0.62843305 -0.40160194  0.05332433 -0.31443253 -0.57850736
 -0.57450324 -0.5356305  -0.571122   -1.1819805  -0.543587   -0.74460924
 -0.65757775 -0.37697875 -0.60606486 -0.5839447  -1.0379252  -0.7407379
 -0.31871912 -0.42540753 -0.47782433 -0.67598677 -0.57039285 -0.69770837
 -0.5092407  -0.33525163 -0.5680516  -0.8903707  -0.8274277  -0.5419769
 -0.47816414 -0.5399737  -0.5088892  -0.83188033 -0.5033792  -0.84368944
 -0.56265444 -0.46421558 -0.35202858 -0.4304765  -0.47918105 -1.553348
 -0.4886717  -0.6773642  -0.3287267  -0.6088064  -0.1898621  -0.90129185
 -0.2593122  -0.825609   -0.61270297 -0.19011849 -0.6105547  -0.66700435
 -0.98341185 -0.7656197  -0.37936127 -1.3466339  -0.31237456 -0.28131297
 -0.5049287  -1.9948965  -0.97835857 -0.33964732 -0.49928704 -0.661315
 -0.51979077 -0.6194496  -0.47447926 -0.48780414 -0.7027717  -0.35500047
 -0.5620542  -0.51776165 -0.47147843 -0.45065382 -0.2619977  -0.5467305
 -0.8055279  -0.3536886  -0.3861852  -0.52284616 -0.697431   -0.8158553
 -0.20924616 -0.33674267 -0.3310276  -1.304781   -0.52225375 -1.0331949
 -0.8629566  -0.43571785 -0.52555525 -0.83948976 -0.78217125 -0.48477948
 -0.31876308 -0.42789254 -0.54628855 -0.4902354  -0.5213825  -0.5955582
 -0.24021077 -0.60397476 -0.94502497 -0.6479998  -0.29032615 -0.52151394
 -1.1690356  -0.68195623 -0.26826707 -0.36196685 -0.39720938 -0.37075529
 -0.52005005 -0.77701676 -0.6986091  -0.45806032 -0.7618493  -0.9293033
 -0.22868234 -0.3411165  -0.55424535 -0.7747307  -0.36261612 -0.6314459
 -0.676317   -0.9578955  -0.6421875  -0.6167865  -0.71764797 -0.36048552
 -0.2062933  -0.32648078 -0.55150014 -0.5214568  -0.6755152  -0.5334486
 -0.41917068 -0.5484534  -0.5552065  -0.43841642 -0.6850023  -0.549319
 -0.8076932  -0.9242567  -0.40824386 -0.47183645 -0.6326173  -0.23811978
 -0.4315233  -0.7027034  -1.280876   -0.71422327 -0.7219298  -0.5094386
 -1.169462   -0.12143499 -1.1712009  -0.34035623 -0.55807084 -0.74375755
 -0.35031927 -0.48907426 -0.76973873 -0.37984407 -0.86996067 -0.7587325
 -0.34772012 -0.4585231  -0.40839887 -0.47104704 -0.5239561  -0.8586413
 -0.6303976  -0.3690376  -0.39070064 -0.4270669  -0.9642813  -0.47823328
 -0.3645295  -0.34059754 -0.41501635 -0.7042929  -0.51891845 -0.24045949
 -0.98543316 -0.7217872  -0.2578412  -0.5273051  -0.46654627 -0.695349
 -0.5030017  -0.49646714 -0.39619586 -0.5323683  -0.33213976 -0.81042975
 -0.54453695 -0.4098313  -1.0752504  -0.6844995  -0.35509807 -0.20276852
 -0.27770972 -0.5593188  -0.26512352 -0.9410114  -0.6763888  -0.6336641
 -0.56077975 -0.5761403  -0.3556194  -0.32963946 -0.38654548 -0.26846272
 -0.44964018 -0.63612455 -0.8677515  -0.58969617 -1.0557861  -0.12616244
 -0.4222014  -1.1058412  -0.58941036 -0.34649658 -0.2507308  -0.5831851
 -0.661667   -0.8421748  -0.64091414 -0.5258306  -0.6911616  -0.45019126
 -0.68030995 -0.2324241  -0.52234197 -0.3171079  -0.51239866 -0.58698463
 -0.40814278 -0.5158917  -0.9438176  -0.3420178  -0.37693954 -0.31064278
 -0.20068517 -0.33861732 -0.72114545 -0.75719863 -0.4576442  -0.49463665
 -0.80453765 -0.58706886 -0.7097614  -0.49265987 -0.7817081  -0.5056283
 -0.4682769  -0.2875227  -0.5474375  -0.3968312  -0.306327   -1.2321397
 -0.20206445 -0.72369367 -0.5800248  -0.2854821  -0.74265504 -0.5735993
 -1.0421597  -0.6724658  -0.3233198  -0.37941426 -0.36984175 -0.87456745
 -0.6264447  -0.2923388  -0.3688885  -0.6121616  -0.6452506  -0.5990305
 -1.166242   -0.328488   -0.67463696 -0.13821076 -0.5836272  -0.24417114
 -0.43695834 -0.2690518  -0.6174939  -1.046366   -0.73329425 -0.5961199
 -0.59057236 -0.38471106 -0.32151458 -0.84035593 -0.23722921 -0.3789471
 -0.7915846  -0.6058306  -0.58322644 -0.53102547 -0.34966412 -0.35237902
 -0.36840013 -0.6214847  -0.55727524 -0.61941904 -0.4821635  -0.50709736
 -0.25856212 -0.60512894 -0.69237643 -0.2869536  -0.52582335 -0.6566514
 -0.4132973  -0.66031885 -0.7677944  -0.39381495 -0.64839494]","[1.1871394  1.6381079  0.2378521  0.26374242 0.51507217 0.24633996
 1.1162629  0.24737996 0.36420256 1.1134013  0.6269728  0.47819373
 0.7816709  0.63362324 0.5702447  0.52183306 0.4468395  0.802505
 0.62981075 0.41253313 0.49447566 0.4692104  0.9540841  0.4149406
 0.37644982 0.3878782  0.5212449  1.2799705  0.24200098 0.40582278
 0.59576327 0.40939024 0.2864204  0.5001099  0.7624483  0.32407337
 0.5307548  1.172096   0.2474238  0.32578516 0.48450193 0.34848294
 1.277423   1.35594    0.40685746 0.26069015 0.6499672  0.90043354
 0.4693297  0.904029   0.45019364 0.25062978 0.2998684  1.319476
 0.889439   0.19628137 0.61345214 1.0084503  1.0040069  0.57697797
 0.61925    0.51469094 0.5137127  0.6959704  0.66724306 0.5891642
 0.7105994  0.4849017  0.7087906  0.43183857 0.40869996 0.64532286
 0.24451645 0.3128765  0.40227854 0.9246742  0.6784532  0.4478768
 0.6386612  0.36814314 0.32007572 0.4698317  0.44101265 0.8816143
 3.460678   0.41737068 0.70368356 0.7168827  0.64712167 0.63200706
 0.28641754 0.43476468 0.9536761  0.43494457 0.68581617 0.44380328
 0.35363021 0.7994474  0.35831532 0.7195541  0.5738211  0.93620527
 0.7799818  0.4086172  0.38664854 0.47932523 0.7486637  0.40719062
 0.69992805 0.5383767  0.3090249  0.34942713 0.4353257  0.4592347
 0.54298604 0.33806416 1.1225647  0.4478592  0.511619   0.6942331
 0.5702119  0.3131529  0.441244   0.6805517  0.30717805 0.38673562
 0.30337498 0.38865757 1.3613671  0.7038078  0.26560348 1.0025649
 0.84655595 0.9986434  0.40836293 0.48447222 0.5237095  0.58935136
 0.66990715 0.5787585  0.71519655 0.6187546  0.33099955 0.22983675
 0.4046998  0.35298726 0.6229155  0.57264644 0.24092697 0.5788691
 0.19634618 0.7523762  0.25264603 0.5523273  0.8139067  0.52587867
 1.3288331  0.24735297 0.4562664  0.6616324  0.38875455 0.597634
 4.6379194  0.42240354 1.0018094  0.8213206  0.3650953  0.41300318
 0.6590192  0.3626275  0.46716574 0.5182349  0.69385976 0.53703964
 0.27125263 0.35992557 1.0987401  0.6101036  0.93836606 0.53259724
 0.4097068  0.35713977 0.68496615 0.47435135 0.74235564 0.46724293
 0.7088246  1.3669314  0.5902165  0.55855215 0.59164727 0.48154646
 2.8091347  0.7185466  0.35767174 0.38425034 0.762655   1.3402048
 0.6547396  1.240678   0.7549384  0.5698463  0.60008025 0.3736274
 0.6779823  0.3181091  0.5747291  2.662089   0.6771173  0.5316141
 0.42786324 0.4275456  0.42777184 0.24663717 0.3979884  0.51214844
 0.40669006 0.68696254 0.50722927 0.4777456  0.11027234 0.4143027
 0.742621   0.93125635 0.79292125 0.59398484 0.45045432 0.22573753
 0.40387455 0.56154424 0.32473552 0.19230817 0.70986694 0.5579143
 0.40477672 0.5405831  0.50976616 0.16326824 0.54405016 0.36817637
 0.41946116 0.35014763 0.5745454  1.6769248  0.43678635 0.07953075
 0.49899283 0.34667706 0.91722727 0.49868664 1.5880708  0.2781964
 0.8105585  0.27978697 0.409058   0.78187263 0.28995502 0.5300632
 0.3747241  0.3149805  0.8007377  0.2137569  0.9900017  0.8293808
 0.61019105 0.14765337 0.3103579  0.59974325 0.36329958 0.39988428
 0.48551896 0.28757268 0.56057173 0.49540251 0.31271142 0.6906736
 0.5754068  0.8575534  0.7875835  0.48386103 0.6501585  0.5114185
 0.5071268  0.7019163  0.60106266 0.47211573 0.28646365 0.2507927
 0.86448103 1.0839038  1.1653838  0.40359798 0.48123813 0.22963604
 0.2264561  0.7794819  0.5582041  0.57514954 0.33388698 0.45793918
 0.70676106 0.567444   0.50708324 0.46445125 0.49105927 0.42002672
 0.85904056 0.5440071  0.22897553 0.43363723 0.9932436  0.7661624
 0.4541237  0.4875203  0.8247158  1.152611   0.5182295  0.70218873
 0.43266284 0.58797765 0.43125093 0.49299613 0.25982988 0.3127392
 0.8071732  0.6740794  0.5817706  0.3264521  0.5961277  0.33765593
 0.6128215  0.293069   0.37145886 0.32739386 0.22983783 0.6561823
 0.6274868  0.73340404 0.40352896 0.5433062  0.41244835 0.85282725
 0.55626184 0.40641472 0.3489955  0.5707317  0.39775124 0.3372996
 0.28207266 0.30509543 0.51260877 0.46005934 0.3229668  1.2626714
 0.582381   0.39747667 0.22404523 0.49024984 0.38679352 0.4888304
 0.19781624 1.3494534  0.20818894 0.91942656 0.47729966 0.16099301
 0.5458681  0.5416113  0.4592863  0.5210117  0.29240075 0.65354633
 0.57302475 0.5277744  0.6312901  0.5469535  0.41386458 0.34566557
 0.61557937 0.71893585 0.6916766  0.55410284 0.3001703  0.48221633
 0.6217675  0.5725461  0.7511737  0.4360455  0.40503687 0.9111526
 0.46159357 0.30120993 0.67965144 0.51496595 0.45971766 0.54923546
 1.0241656  0.38957655 0.5422638  0.21450159 0.9447698  0.3963445
 0.5561367  0.7292674  0.2316073  0.3239829  0.4991808  1.0975816
 0.65819305 0.622209   0.855137   0.30551565 0.40228418 0.28313988
 0.6840819  0.38813457 0.65655124 2.7170746  0.62406343 0.9808869
 0.59755653 0.6390985  0.22975035 0.47395915 0.40396702 1.812751
 0.4285307  0.09832691 1.2489256  0.8736621  0.7986004  0.45034075
 0.38343555 0.25257662 0.34686494 0.4195164  0.5039233  0.53366536
 0.5416872  1.2858844  0.49438465 0.6999462  0.54392314 0.6721384
 0.5758719  0.4809919  0.26044184 0.5610994  0.77942014 0.8132294
 0.61197495 0.65017384 0.29301384 0.37016115 0.52755374 0.694731
 0.497293   0.45305154 0.34117925 0.42778367 0.48350602 0.57246345
 0.37537688 0.5674499  0.3869804  0.33725566 0.6485413  0.24282905
 1.057801   3.503321   0.32547647 0.6618797  0.33016413 0.5688591
 0.2561465  0.28967634 0.6758446  0.6476224  0.61272156 0.2695785
 0.42349833 0.69185543 0.7202389  0.38506746 0.30158028 0.91746134
 0.15718912 0.51664907 0.45998412 1.261177   0.6456862  1.3798969
 0.66044146 2.1508875  0.46839738 0.21326543 0.5243421  0.3735114
 0.4449531  0.8034769  0.5011111  0.5346498  0.75346106 1.0181851
 0.32081828 0.42539918 0.5879782  0.6129652  0.81513983 0.50839263
 0.565491   0.36629924 0.33510917 0.57504094 0.51490265 0.41639695
 0.78722394 0.49398535 0.32676068 0.4488492  0.28405944 0.6449074
 0.60037094 0.34781632 0.41620716 0.5905348  0.4286829 ]","[ 52.43935135  16.97138391  31.82531294 130.75442027  43.24514577
  42.8896185   22.53163542  41.76735138  23.54694285  20.93039254
  12.62570383  24.68009124  41.64904474  34.78909606  69.48291619
  17.00349257  92.23693721  41.48065843  23.18341074  51.10425107
  60.75678247  61.16623861  40.41450842  40.96388954  66.75936583
  21.86891712  56.09466622  10.86464567  23.62161221  23.54177809
  19.28874242  13.57701067  17.63941243  19.22134962  83.57136513
  39.11230628  33.98123927  27.38697755  81.20162397  90.89689933
  49.11243505  85.92983613  26.96284264  43.44492776 147.94151939
  29.63967231  82.21116496 107.19262767  32.24810762 133.24826294
  95.22928487  68.21385213  71.37027001  51.44288577  45.41186597
  30.19156095  37.39859814  32.95672129  48.13953674  50.47094529
  97.54092686  68.3111232   63.21462697  66.78279446  35.39134014
  68.62941763  86.46238969  61.49717847  86.6306418   23.93195286
  75.10067239  72.78478201  29.56518079  94.30898419 157.88621238
  24.28985732  68.12090354  37.89988961  41.09939899  29.10376202
 140.82088772  27.47898742  53.02291163 114.24839989   3.71608886
  31.9138405   21.00689622  56.95795252  66.71633013  30.37134803
  51.83014422  30.04692436  52.52312444  60.1278036   20.20052508
  57.19384111  20.58217047 126.30403917  66.19618015  30.30384597
 105.49758544  16.44454648  73.50146855  60.858563    24.98031611
  49.88703511  56.04692091  25.74021037  62.78536422 100.94114015
  23.06489636  21.9908796   54.92955771  33.42002293  43.74195401
  50.21109114  19.62216494 121.60764557 117.63887622  98.71908713
  68.42545115  71.42357688  80.7171356   46.15801373  31.51826423
  31.43625132  70.48196181  99.75934792   8.26543344  51.50338636
  43.43037793  23.70308255  14.71163266  66.92280809  27.47056206
  53.01342671  19.00312528  54.50546442  50.62132976  75.28111444
 165.27091355  26.90743767  54.39239039  44.74822703  48.60395714
  23.43774166  25.26159221  90.29705208  46.06532347 106.12054935
  34.20444281  34.43483901  44.46399297  19.37182449  34.63273261
  54.80140341  31.44450077  22.51079423 141.95138795  46.14747037
  78.2877593   32.97199214   3.05707837  59.66897648  37.70866933
  28.02537636  29.46727315  85.26323101  22.29326583  46.48412331
  78.11979093 107.89881251  51.7689826   64.3223608   53.32955652
  30.47016011  29.38808781  71.76298385 102.27764666  30.1673886
  41.02338799  26.10412735  42.38145818  52.0998146   88.65513929
  69.81270719  78.72270696  20.81694369  25.92546341  39.31746678
  35.9570179  123.86961018   4.12545248 113.85202892  66.57156259
  46.73550684  51.09407181  29.88361019  37.51795713  19.92492639
  40.70313041  27.85469721  39.23797985  67.58716997  33.17520927
  54.75128637  70.24690061   5.13687731 102.8541564   65.90607312
  65.70511453  46.35866719  81.44106139  12.00300772  58.9149381
  27.72426011  42.81060488 107.93105938  28.10428799  70.88363619
  62.34925032  97.98691751  67.73443349  49.19368172  38.914328
  38.9645439   24.16843442  68.83641079 106.17613944  74.91627109
  64.9031777   18.05755681  31.87908775  21.72861694  59.00892572
  82.48349125  58.78940861  72.83011077 231.26950624  61.62060493
  66.88712132  94.85239337  40.48880883   6.96248516  72.41806635
  34.82011525 107.97849506  29.51522276   8.63958259  66.13382082
  25.75187209  11.92177178  36.5702567   30.13482913  14.48529889
  57.31449908  43.58632185  16.84544777  27.7023682   25.99102808
  55.57118099  14.41512504  38.67979098  33.30289384 119.64207312
  18.11445778  23.63401937  80.15478532 117.97768912  68.3433642
  58.4943558   69.46118498  71.33728547  70.09565151  71.75452094
  16.75475291  58.9909146   13.05372785  27.04158884 105.93325862
  72.87677245  32.93947917  18.4508285   85.04453913  48.83128972
 109.29155909  45.23112105  45.36640785  85.30487756  34.92005495
  48.41876212  23.79997232  43.03157038  51.58589641  24.23526706
  18.95057445  59.98907501  10.64860134  32.56181472  44.7712232
  75.07113207  80.29423435  41.93503019  53.95020039  40.79619608
  33.45489241  30.19073705 121.99442631  33.82072114  32.84892375
  33.82101182  65.28181435  25.35931926  66.66572606  61.69607979
  28.09319002  85.45241829 127.20361961  27.91727724  26.69131695
  74.16910913  69.04478018  17.94728406  61.09682061  20.90319753
  42.53624146  33.31304287  57.1300688  113.9293857   28.60711039
  56.42874367  31.46300101  27.20655416  64.93495298  63.761399
  57.46311942  63.42111216  21.44731511  31.48644436  43.75792005
  43.89727258  27.43472449  26.14888003  73.56608598  57.96345194
  55.07152848  79.64832964  84.86289756 107.08491371  19.41429584
 104.00488145  74.99893611  47.60968277  12.70753514 107.39425127
  22.73885778  25.27005802  34.73253771  47.80972858  51.57676138
  23.07599721  30.51160338  35.48357206  45.57822171  53.32101892
  59.86624227  49.33608612 147.6531238   41.85253457  62.54581893
  97.82043524  33.55114025  89.31663283  57.71735784  85.71683087
  56.99671301  76.0512943   52.11821534  33.4326064   39.29943345
 125.37386072  48.80388674  51.50488825  60.41742409  60.87878567
  21.82954058  32.94287748  27.71099727  57.04583571  24.82817405
  21.18074146 100.45667639  71.80659698  85.62186395  63.64272668
  34.87392847   9.54458316  87.47316236  62.67995016  90.38681079
  27.19135524  55.5537081   81.07097684  36.55057957  39.12181018
  56.70078834 110.46957388  60.49602104  83.09438616  52.66885905
  52.70607217  35.42588791  36.01167302  37.16039124  56.78156822
  69.01386732  98.04345513   6.00792805  56.48111694  28.27323974
  27.64011343  34.8897293   13.39471861  57.17893782  31.0162705
  10.57364904  82.58758962  14.11097311  12.34998074  54.1765204
 146.10280805  82.82286908  86.66223599 125.38000813 147.69734283
  42.30040765  53.27496846  57.9624469   31.51733975  25.01513967
  84.01890159  39.91996866  39.42502251  53.46268187  50.42051057
 143.97700801  40.5640928   46.21961313  47.36603396  58.88988469
  66.56397708  51.87970134  31.89257236  79.31685556 130.73707501
  26.00837999  33.7021941   18.71694192  49.48645923  44.23045737
  24.13415857  78.06558182  42.68558556  19.13605443  35.12299604
  67.33251472  31.54914138  39.19681294  46.76791722   3.90587873
  86.5184788  117.21286348  51.25740364  25.67675185  14.09402051
  60.79798182  53.66277306  69.53534741  65.5713673   73.78078362
  95.13767168  46.31449144  71.29045038  37.15556997  20.8262936
  20.43978478  73.25298114  20.55458927  70.7093566   22.60494774
  30.34115044  15.01514487  29.20129408   5.42347679  34.89367847
  35.01220501  35.58883473  88.75525794 102.38543148  32.11953274
 103.83973829  14.37281979  47.22554095  91.62131777  64.85147244
  87.55463065  57.56928218  53.17380981  17.78589381  49.04723797
  96.62235514  87.97177356 145.19795902  26.71019666  36.36651508
  41.96283868  19.45579845  24.2740553   26.38443262  68.34955177
  61.94130438  30.69787521  81.79786049  55.91345273  14.47802185
  84.35439676  26.542224  ]","[1.0454038  1.2068626  1.0865223  1.0043044  1.0448546  1.0138472
 1.0009418  1.018029   0.9998021  1.1194828  1.2426405  1.1108711
 1.0534762  1.0355692  1.0197288  0.9987021  1.0008154  0.998241
 1.0606346  1.1615818  1.0151845  0.9991548  0.9989655  1.008059
 1.0158069  1.0406561  0.9982758  1.2458732  1.0499146  1.0192018
 1.0462009  1.0381047  1.1428474  1.0780634  1.0290534  1.0170163
 1.0321072  1.0076032  1.0347753  0.997525   1.0219622  0.99815774
 0.9985066  1.0502241  1.0133146  1.1156225  1.0277836  1.005962
 1.0205582  1.0014195  1.0172087  1.0474814  1.0008085  1.018305
 1.0286195  0.99789596 1.0552343  0.99984217 0.9983029  1.0350395
 0.9998818  1.000056   1.024929   0.9975356  1.0068738  1.0294672
 0.9987472  1.0425618  1.0136935  0.9974998  1.0028541  1.0085006
 1.056286   1.0182928  1.0051908  1.0412989  1.0072037  1.0001104
 0.99887156 1.1160618  0.998171   0.9983526  1.0027593  1.0132906
 2.6564896  1.0251874  1.0282218  0.99957544 0.99956596 1.0687554
 1.0153135  1.0949713  1.0146772  1.0074936  1.0474565  1.111787
 1.1367818  0.9978641  0.99754846 1.046144   1.0397662  1.1106977
 1.0230298  0.9982281  1.009483   1.0208896  1.0693225  1.0040296
 1.0176276  1.002992   1.0339242  1.1727948  0.9996621  1.0143985
 0.99866366 1.0397184  1.0335915  1.0118058  1.0102142  1.0048081
 1.0127474  1.059241   0.99749994 1.0049949  1.1221272  1.0790843
 1.0046794  0.9976671  1.4036009  1.0985403  1.0049487  1.2729746
 1.1502585  1.0382619  1.0591285  1.0113128  1.0002713  0.99791294
 1.0194721  1.0346955  1.0017093  1.0151176  1.0402808  1.0143874
 0.9989866  0.9975398  1.0257704  1.0115701  1.0013609  1.0078539
 1.0967164  1.0221326  1.0575117  1.0098014  1.0009409  1.0269959
 1.0201575  1.0869465  1.0265703  1.0641131  1.005656   1.0039662
 3.6701326  1.1042353  1.281489   1.0473763  1.0377955  1.0003996
 1.0951045  1.076401   0.9977677  1.0051028  1.010345   1.0433234
 1.0167793  0.9982713  1.1354657  0.99815226 1.000132   1.0592332
 1.0099591  1.0162433  1.063532   1.0009048  1.0064379  0.9986129
 1.0397905  1.1090611  0.99847496 1.0237558  1.0252755  1.0009459
 2.1897812  0.9975442  1.0386727  0.99751705 1.0235753  1.2550744
 1.0690342  0.99811274 0.9977226  0.9987188  1.017171   0.9993428
 1.0140144  1.0039784  0.99752355 1.629668   1.0281678  0.9978627
 1.0178102  1.1150029  1.0001253  1.1865708  0.9982055  1.0733666
 1.0008526  1.0423632  1.0295025  1.0297688  0.99841094 1.009725
 1.0089176  0.9986295  1.0110248  1.0158343  1.0827411  1.07377
 1.0028518  1.024269   1.0038643  1.0950596  1.0040995  1.0119431
 0.9991992  0.9977802  0.9984215  1.02695    1.0094138  1.0297626
 1.064862   0.99760306 1.0126494  1.4595304  0.99764687 1.0165699
 1.0005955  0.9987842  1.1670469  0.99811554 0.99780333 1.2311678
 1.0750343  1.0020947  1.2495401  1.0334061  0.9990024  1.0235589
 1.0255021  1.0322876  0.99882877 1.0018506  1.0045512  1.0469538
 1.0402212  1.2084746  1.0652097  1.002578   1.0034256  1.0012528
 1.0016966  0.99786323 0.9975292  1.0212753  1.050334   1.2270634
 1.0574334  1.037296   1.0292189  1.0073634  1.069562   1.0824798
 1.0051944  1.0159241  1.0210892  1.0441257  1.0143024  1.0432087
 1.0017962  0.99940854 1.0315562  1.0090362  1.0505058  1.0198385
 1.0692352  1.0961152  1.0215671  1.1221355  1.0267258  0.99786955
 1.0206538  0.99763113 1.0503172  1.0227084  1.0231838  1.0570937
 1.0080928  0.9987478  1.0618939  1.0081676  1.0014906  0.9984113
 1.08605    0.9976398  1.0936007  1.0918299  1.0010973  0.99856395
 1.0297768  1.0048342  0.99984205 1.0125316  1.0172764  0.9975534
 1.0849032  0.9996055  1.0243655  0.9985829  1.0195427  1.0430554
 1.0073702  0.99981564 1.0001261  1.0452284  1.0601425  1.0234032
 0.99749696 1.0854222  1.0205282  1.000648   1.0011802  1.1994421
 1.0625811  1.0602493  1.0098438  1.0025641  1.0110306  0.9975054
 0.9979857  1.0176779  1.0146217  1.0069534  1.0117191  1.2168407
 1.0082439  0.99752647 0.9988531  0.9989309  1.0372617  0.99753016
 1.0263445  1.0907723  1.1052343  1.0274525  0.99773616 1.0019974
 1.0393325  1.0014088  1.0000229  1.009318   0.9979266  1.0788329
 1.003979   1.0071548  1.026691   1.0277299  1.0167227  1.000402
 1.0162445  0.99827    1.0164548  1.0395784  1.0275851  1.0894763
 1.0292449  1.0313488  1.1143112  1.0080705  0.9982855  1.0587015
 1.1104835  0.9984347  1.0145658  0.99762136 1.0160892  1.0054581
 1.3357131  1.0081116  1.0161946  1.0306247  1.1423441  1.0138648
 1.0027491  0.9978412  1.0470792  0.99933314 1.0107198  1.0258632
 0.998914   1.0128517  0.99881023 1.0025023  1.0128645  1.0023938
 1.1264046  1.0153669  1.0055201  1.3689408  1.0609947  1.1633781
 1.0834053  1.0271446  1.170278   1.0168235  0.9995431  1.3295455
 1.0744182  1.1290733  1.1881385  1.0323683  1.0055689  0.9983876
 1.0107639  1.0045414  1.0042764  1.0019851  1.0154247  1.0028954
 0.9994295  1.0069519  1.0062728  1.0241058  1.0001479  1.030294
 1.0077863  0.9976631  1.0943773  1.025886   0.99751705 1.0178894
 0.99886984 1.0756946  1.0336342  1.0053295  0.99824446 0.9989255
 1.0730735  0.99773437 0.9981434  1.0127028  1.0798817  1.001567
 0.9975063  1.0477449  1.0065705  1.0254799  1.0118783  1.0056067
 1.0017358  2.2136552  0.99826425 1.0300097  1.0291384  1.0398673
 1.0942228  0.99750936 1.0025667  0.99894154 1.0051748  0.99976933
 0.997665   0.99850965 1.0002478  1.0880997  1.0981975  1.0840892
 1.0341176  1.0940723  1.006249   0.99785453 1.0378913  1.0377148
 1.1135191  1.7851331  1.0017757  1.0564737  1.083301   1.0068198
 1.0161833  1.1318558  0.99808794 1.3041465  1.0308591  1.022685
 1.0207222  1.04065    0.99812454 0.9975213  1.1071609  1.0096978
 1.0016394  1.0590703  1.0002701  1.0432779  1.0054103  1.0236411
 1.0445715  0.99761474 1.0611591  1.0046074  1.0606246  1.0828447
 0.99761724 1.0311671  1.0259048  0.9978855  0.99917847]"
